{
  "baselines": {
    "persistence_24h": {
      "rmse": 42.818919150259596,
      "mae": 31.775588668138337
    },
    "seasonal_24h": {
      "rmse": 46.63241140148925,
      "mae": 38.01214759535655
    },
    "persistence_48h": {
      "rmse": 50.654394796117934,
      "mae": 38.45056867891514
    },
    "seasonal_48h": {
      "rmse": 43.114878131394356,
      "mae": 33.64974554707379
    },
    "persistence_72h": {
      "rmse": 47.65016053350863,
      "mae": 37.327059773828765
    },
    "seasonal_72h": {
      "rmse": 36.33528196227157,
      "mae": 26.390416666666663
    }
  },
  "models": {
    "24h": {
      "rmse": 33.47365638645508,
      "mae": 26.443749142771797
    },
    "48h": {
      "rmse": 35.533632594197435,
      "mae": 28.40227714940682
    },
    "72h": {
      "rmse": 35.88443030025991,
      "mae": 29.537555939195652
    }
  },
  "feature_count": 81,
  "train_rows": 4727,
  "val_rows": 983,
  "validation_days": 14
}